Names,Birthday,Phone
Jennifer,1993-11-19,+918009341435
John,2002-05-06,+918024195403
Lisa,2008-11-18,+916577649258
Lori,2010-10-16,+917195728811
Bikram,1998-08-21,+917439589152
Robert,2010-05-10,+918063926491
Ryan,1997-06-21,+919367547305
Amy,1987-10-18,+918762707648
Ashley,1994-05-09,+918941019170
Bristi,2025-08-22,+919332339272
Kristen,1992-04-20,+918633517882
Christine,2008-01-11,+918543224335
Jessica,1989-12-28,+919279421888
Steven,1986-12-19,+916907137614
Jordan,2012-12-29,+919405217472
Patty,2012-04-03,+918615514174
Maria,1999-04-26,+918654583978
Jennifer,1995-11-13,+918338561315
Latasha,2009-01-09,+916468143029
David,1992-05-14,+917365483159

